{
  "vector_only": {
    "recalls": [
      1.0,
      1.0,
      0.25,
      0.0,
      1.0,
      0.75,
      0.75,
      0.25,
      0.75,
      0.5
    ],
    "times": [
      6833.321999991313,
      327.7352000004612,
      302.3527000332251,
      57.73849994875491,
      68.38140002219006,
      192.06339999800548,
      118.18380001932383,
      199.8856999562122,
      181.48349999682978,
      197.59489997522905
    ],
    "avg_recall": 0.625,
    "avg_time": 847.8741099941544
  },
  "hybrid": {
    "recalls": [
      1.0,
      1.0,
      0.25,
      0.0,
      1.0,
      0.75,
      0.75,
      0.25,
      0.75,
      0.5
    ],
    "times": [
      4.65519999852404,
      0.49780000699684024,
      0.3787999739870429,
      0.4097999772056937,
      0.1981999957934022,
      0.35689998185262084,
      0.39109995122998953,
      0.4285000031813979,
      1.0658999672159553,
      0.3496999852359295
    ],
    "avg_recall": 0.625,
    "avg_time": 0.8731899841222912
  },
  "hybrid_rerank": {
    "recalls": [
      1.0,
      1.0,
      0.0,
      0.0,
      0.5,
      0.25,
      0.75,
      0.0,
      0.75,
      0.0
    ],
    "times": [
      9712.552100012545,
      3806.429999996908,
      1844.1415000124834,
      1974.4942999677733,
      1735.073400021065,
      1855.3366999840364,
      1834.5172999543138,
      1958.1280000275,
      1838.6233000201173,
      1876.936000015121
    ],
    "avg_recall": 0.425,
    "avg_time": 2843.6232600011863
  }
}