{
  "config": {
    "concurrent": 2,
    "rounds": 3
  },
  "total_requests": 15,
  "success": 15,
  "errors": 0,
  "p50_ms": 27073.977100022603,
  "p95_ms": 43795.61681997148,
  "p99_ms": 51752.1793639718,
  "avg_ms": 26959.56961333286,
  "min_ms": 8981.028600013815,
  "max_ms": 53741.31999997189
}